/*
Navicat MySQL Data Transfer

Source Server         : localhost
Source Server Version : 50721
Source Host           : localhost:3306
Source Database       : dxblog

Target Server Type    : MYSQL
Target Server Version : 50721
File Encoding         : 65001

Date: 2018-05-14 09:22:28
*/

SET FOREIGN_KEY_CHECKS=0;

-- ----------------------------
-- Table structure for `t_blog`
-- ----------------------------
DROP TABLE IF EXISTS `t_blog`;
CREATE TABLE `t_blog` (
  `bid` int(11) NOT NULL AUTO_INCREMENT,
  `bname` varchar(255) COLLATE utf8_bin DEFAULT NULL,
  `bimage` varchar(255) COLLATE utf8_bin DEFAULT NULL,
  `bsynopsis` varchar(255) COLLATE utf8_bin DEFAULT NULL,
  `bcontent` longtext COLLATE utf8_bin,
  `bcreatetime` varchar(255) COLLATE utf8_bin DEFAULT NULL,
  `newtime` varchar(255) COLLATE utf8_bin DEFAULT NULL,
  `frequency` varchar(255) COLLATE utf8_bin DEFAULT NULL,
  `btid` int(11) DEFAULT NULL,
  PRIMARY KEY (`bid`),
  KEY `FKxo16glirapw44iopacoh74le` (`btid`),
  CONSTRAINT `FKxo16glirapw44iopacoh74le` FOREIGN KEY (`btid`) REFERENCES `t_btype` (`tid`)
) ENGINE=InnoDB AUTO_INCREMENT=19 DEFAULT CHARSET=utf8 COLLATE=utf8_bin;

-- ----------------------------
-- Records of t_blog
-- ----------------------------
INSERT INTO `t_blog` VALUES ('1', '1', '/upload/banner01.jpg', '1', 0x3C703E313C696D67207372633D222F6D79626C6F672F75656469746F722F6A73702F75706C6F61642F696D6167652F32303138303531332F313532363139393634343233323038323432322E6A706722207469746C653D22313532363139393634343233323038323432322E6A70672220616C743D2262616E6E657230312E6A7067222F3E3C2F703E, '2018-05-13 16:20:45', '', '', '1');
INSERT INTO `t_blog` VALUES ('2', '2', '/upload/banner02.jpg', '2', 0x3C703E3C696D67207372633D222F6D79626C6F672F75656469746F722F6A73702F75706C6F61642F696D6167652F32303138303531332F313532363139393731343130333033373633372E6A706722207469746C653D22313532363139393731343130333033373633372E6A7067222F3E3C2F703E3C703E3C696D67207372633D222F6D79626C6F672F75656469746F722F6A73702F75706C6F61642F696D6167652F32303138303531332F313532363139393731343132353031363334392E6A706722207469746C653D22313532363139393731343132353031363334392E6A7067222F3E3C2F703E3C703E3C62722F3E3C2F703E, '2018-05-13 16:21:57', null, null, '1');
INSERT INTO `t_blog` VALUES ('3', '3', '/upload/banner03.jpg', '3', 0x3C703E3C696D67207372633D222F6D79626C6F672F75656469746F722F6A73702F75706C6F61642F696D6167652F32303138303531332F313532363139393733353037383033373239302E6A706722207469746C653D22313532363139393733353037383033373239302E6A7067222F3E3C2F703E3C703E3C696D67207372633D222F6D79626C6F672F75656469746F722F6A73702F75706C6F61642F696D6167652F32303138303531332F313532363139393733353132323039323430342E6A706722207469746C653D22313532363139393733353132323039323430342E6A7067222F3E3C2F703E3C703E3C696D67207372633D222F6D79626C6F672F75656469746F722F6A73702F75706C6F61642F696D6167652F32303138303531332F313532363139393733353133363030373233322E6A706722207469746C653D22313532363139393733353133363030373233322E6A7067222F3E3C2F703E3C703E3C62722F3E3C2F703E, '2018-05-13 16:22:17', null, null, '1');
INSERT INTO `t_blog` VALUES ('4', '4', '/upload/b04.jpg', '4', 0x3C703E3C696D67207372633D222F6D79626C6F672F75656469746F722F6A73702F75706C6F61642F696D6167652F32303138303531332F313532363139393838313335383030303331382E6A706722207469746C653D22313532363139393838313335383030303331382E6A7067222F3E3C2F703E3C703E3C696D67207372633D222F6D79626C6F672F75656469746F722F6A73702F75706C6F61642F696D6167652F32303138303531332F313532363139393838313431363034343738332E6A706722207469746C653D22313532363139393838313431363034343738332E6A7067222F3E3C2F703E3C703E3C696D67207372633D222F6D79626C6F672F75656469746F722F6A73702F75706C6F61642F696D6167652F32303138303531332F313532363139393838313430323035303039372E6A706722207469746C653D22313532363139393838313430323035303039372E6A7067222F3E3C2F703E3C703E3C696D67207372633D222F6D79626C6F672F75656469746F722F6A73702F75706C6F61642F696D6167652F32303138303531332F313532363139393838313431323039313137382E6A706722207469746C653D22313532363139393838313431323039313137382E6A7067222F3E3C2F703E3C703E3C62722F3E3C2F703E, '2018-05-13 16:24:45', null, null, '2');
INSERT INTO `t_blog` VALUES ('5', '5', '/upload/b05.jpg', '5', 0x3C703E3C696D67207372633D222F6D79626C6F672F75656469746F722F6A73702F75706C6F61642F696D6167652F32303138303531332F313532363139393930333037323034323237302E6A706722207469746C653D22313532363139393930333037323034323237302E6A70672220616C743D226230352E6A7067222F3E3C2F703E, '2018-05-13 16:25:06', null, null, '2');
INSERT INTO `t_blog` VALUES ('6', '6', '/upload/b06.jpg', '6', 0x3C703E363C696D672077696474683D2235333022206865696768743D2233343022207372633D22687474703A2F2F6170692E6D61702E62616964752E636F6D2F737461746963696D6167653F63656E7465723D3131362E3430342C33392E393135267A6F6F6D3D31302677696474683D353330266865696768743D333430266D61726B6572733D3131362E3430342C33392E393135222F3E3C2F703E, '2018-05-13 16:25:43', null, null, '2');
INSERT INTO `t_blog` VALUES ('7', '7', '/upload/b06.jpg', '7', 0x3C703E373C2F703E, '2018-05-13 16:57:09', null, null, '1');
INSERT INTO `t_blog` VALUES ('8', '8', '/upload/293F9879BBB048799A46B5CE53BA109C_b06.jpg', '8', 0x3C703E67383C62722F3E3C2F703E, '2018-05-13 17:02:18', null, null, '1');
INSERT INTO `t_blog` VALUES ('9', '1', null, '1', 0x3C703E313C2F703E, '2018-05-13 17:32:12', null, null, '1');
INSERT INTO `t_blog` VALUES ('10', '1', null, '1', 0x3C703E323C2F703E, '2018-05-13 17:32:20', null, null, '2');
INSERT INTO `t_blog` VALUES ('11', '1', null, '1', 0x3C703E323C2F703E, '2018-05-13 17:32:23', null, null, '2');
INSERT INTO `t_blog` VALUES ('12', '1', null, '1', 0x3C703E323C2F703E, '2018-05-13 17:32:25', null, null, '2');
INSERT INTO `t_blog` VALUES ('13', '1', null, '1', 0x3C703E323C2F703E, '2018-05-13 17:32:26', null, null, '2');
INSERT INTO `t_blog` VALUES ('14', '12', '/upload/D308FFAE502F4433B710FF9E596774E8_banner01.jpg', '12', 0x3C703E3C696D67207372633D22687474703A2F2F6C6F63616C686F73743A383038302F6D79626C6F672F626C616E6B67642F696D616765732F62616E6E657230322E6A7067222F3E3C2F703E, '2018-05-13 20:45:40', null, null, '1');
INSERT INTO `t_blog` VALUES ('15', '12', null, '23', 0x3C70207374796C653D226C696E652D6865696768743A20313670783B223E3C696D67207372633D22687474703A2F2F6C6F63616C686F73743A383038302F6D79626C6F672F61646D696E2F757466382D6A73702F6469616C6F67732F6174746163686D656E742F66696C6554797065496D616765732F69636F6E5F6A70672E676966222F3E3C61207374796C653D22666F6E742D73697A653A313270783B20636F6C6F723A233030363663633B2220687265663D222F75656469746F722F6A73702F75706C6F61642F66696C652F32303138303531332F313532363231363039323530343036333134362E6A706722207469746C653D2262616E6E657230312E6A7067223E62616E6E657230312E6A70673C2F613E3C2F703E3C703E3C62722F3E3C2F703E, '2018-05-13 20:55:06', null, null, '1');
INSERT INTO `t_blog` VALUES ('16', '1223', '/upload/471BA487DE00404B85F5C017E82D9D1F_b06.jpg', '32', 0x3C703E33323C62722F3E3C2F703E, '2018-05-13 21:32:07', null, null, '2');
INSERT INTO `t_blog` VALUES ('17', '213', '/upload/F8483981F69E468BA1671F4045CD5F7B_b01.png', '123', 0x3C703E266E6273703B20266E6273703B20266E6273703B20266E6273703B20266E6273703B20266E6273703B20266E6273703B20266E6273703B20266E6273703B64613C2F703E, '2018-05-13 21:33:07', null, null, '1');
INSERT INTO `t_blog` VALUES ('18', '213', '/upload/512BEE48CB644923ABEE0AC2A63CA620_b01.png', '123', 0x3C703E266E6273703B20266E6273703B20266E6273703B20266E6273703B20266E6273703B20266E6273703B20266E6273703B20266E6273703B20266E6273703B64613C2F703E, '2018-05-13 21:33:12', null, null, '2');

-- ----------------------------
-- Table structure for `t_btype`
-- ----------------------------
DROP TABLE IF EXISTS `t_btype`;
CREATE TABLE `t_btype` (
  `tid` int(11) NOT NULL AUTO_INCREMENT,
  `ttypename` varchar(255) COLLATE utf8_bin DEFAULT NULL,
  PRIMARY KEY (`tid`)
) ENGINE=InnoDB AUTO_INCREMENT=5 DEFAULT CHARSET=utf8 COLLATE=utf8_bin;

-- ----------------------------
-- Records of t_btype
-- ----------------------------
INSERT INTO `t_btype` VALUES ('1', '个人日志');
INSERT INTO `t_btype` VALUES ('2', '学习笔记');
INSERT INTO `t_btype` VALUES ('3', '杂谈');
INSERT INTO `t_btype` VALUES ('4', '问题记录');

-- ----------------------------
-- Table structure for `t_message`
-- ----------------------------
DROP TABLE IF EXISTS `t_message`;
CREATE TABLE `t_message` (
  `mid` int(11) NOT NULL AUTO_INCREMENT,
  `mcontent` varchar(255) COLLATE utf8_bin DEFAULT NULL,
  `mtime` varchar(255) COLLATE utf8_bin DEFAULT NULL,
  `bmid` int(11) DEFAULT NULL,
  PRIMARY KEY (`mid`),
  KEY `FKqvpk64b9yesea4outm74m6fv2` (`bmid`),
  CONSTRAINT `FKqvpk64b9yesea4outm74m6fv2` FOREIGN KEY (`bmid`) REFERENCES `t_blog` (`bid`)
) ENGINE=InnoDB AUTO_INCREMENT=20 DEFAULT CHARSET=utf8 COLLATE=utf8_bin;

-- ----------------------------
-- Records of t_message
-- ----------------------------
INSERT INTO `t_message` VALUES ('1', '大家好', '2018-05-13 18:56:20', null);
INSERT INTO `t_message` VALUES ('2', '1234567890123456789012345678901234567890123456789012345678901234567890123456789012345678901234567890123456789012345678901234567890123456789', null, null);
INSERT INTO `t_message` VALUES ('3', 'd', null, null);
INSERT INTO `t_message` VALUES ('4', '1234567890123456789012345678901234567890123456789012345678901234567890123456789012345678901234567890123456789012345678901234567890123456789', null, null);
INSERT INTO `t_message` VALUES ('5', '5', '222', '9');
INSERT INTO `t_message` VALUES ('6', 's', null, null);
INSERT INTO `t_message` VALUES ('7', 'haha', null, null);
INSERT INTO `t_message` VALUES ('8', 'nihao', null, '9');
INSERT INTO `t_message` VALUES ('9', '我来做一楼', '2018-05-13 23:27:39', '17');
INSERT INTO `t_message` VALUES ('10', '得到', '2018-05-13 23:34:03', '16');
INSERT INTO `t_message` VALUES ('11', 'ss', '2018-05-13 23:36:20', '16');
INSERT INTO `t_message` VALUES ('12', null, '2018-05-13 23:56:06', null);
INSERT INTO `t_message` VALUES ('13', 'dd', '2018-05-13 23:58:20', '16');
INSERT INTO `t_message` VALUES ('14', '试一试', '2018-05-13 23:58:40', '16');
INSERT INTO `t_message` VALUES ('15', '测试', '2018-05-13 23:58:56', '18');
INSERT INTO `t_message` VALUES ('16', '2lou', '2018-05-14 00:09:37', '18');
INSERT INTO `t_message` VALUES ('17', '1', '2018-05-14 00:12:00', null);
INSERT INTO `t_message` VALUES ('18', '1', '2018-05-14 00:12:04', null);
INSERT INTO `t_message` VALUES ('19', '1', '2018-05-14 00:12:31', null);
